<?xml version="1.0" encoding="UTF-8" standalone="yes"?>
<addon id="service.emby"
       name="Emby (beta)"
       version="7.0.102"
       provider-name="Anton Voyl (awiouy)">
  <requires>
    <import addon="os.libreelec.tv" version="7.0"/>
    <import addon="xbmc.python" version="2.1.0"/>

    <import addon="tools.mono" version="0.0.0" />
  </requires>
  <extension point="xbmc.service" library="default.py">
    <provides></provides>
  </extension>
  <extension point="xbmc.addon.metadata">
    <summary>Emby: a personal media server</summary>
    <description>
Emby (3.0.6070) brings your home videos, music, and photos together, automatically converting and streaming your media on-the-fly to any device
    </description>
    <disclaimer>

    </disclaimer>
    <platform>all</platform>
  </extension>
</addon>
