<?xml version="1.0" encoding="UTF-8" standalone="yes"?>
<addon id="tools.mono"
       name="Mono"
       version="7.0.101"
       provider-name="Anton Voyl (awiouy)">
  <requires>
    <import addon="os.libreelec.tv" version="7.0"/>
    <import addon="xbmc.python" version="2.1.0"/>

  </requires>
  <extension point="xbmc.python.script" library="default.py">
    <provides></provides>
  </extension>
  <extension point="xbmc.addon.metadata">
    <summary>Mono: a cross platform open source .NET framework</summary>
    <description>
Mono (4.2.1.102) is a software platform designed to allow developers to easily create cross platform applications part of the .NET Foundation
    </description>
    <disclaimer>

    </disclaimer>
    <platform>all</platform>
  </extension>
</addon>
