﻿<?xml version="1.0" encoding="UTF-8" standalone="yes"?>
<addon id="script.moonlight"
       name="Moonlight"
       version="7.0.101"
       provider-name="dead (gustavobenn@hotmail.com)">
  <requires>
    <import addon="os.libreelec.tv" version="7.0"/>
    <import addon="xbmc.python" version="2.1.0"/>

  </requires>
  <extension point="xbmc.python.pluginsource" library="addon.py">
    <provides>executable</provides>
  </extension>
  <extension point="xbmc.service">
  </extension>
  <extension point="xbmc.addon.metadata">
    <summary>Moonlight-embedded Addon for LibreELEC</summary>
    <description>
Moonlight-embedded Addon for LibreELEC
    </description>
    <disclaimer>

    </disclaimer>
    <platform>all</platform>
  </extension>
</addon>
