<?xml version="1.0" encoding="UTF-8" standalone="yes"?>
<addon id="service.system.tinc"
       name="tinc"
       version="7.0.101"
       provider-name="Anton Voyl (awiouy at gmail dot com)">
  <requires>
    <import addon="os.libreelec.tv" version="7.0"/>
    <import addon="xbmc.python" version="2.1.0"/>

  </requires>
  <extension point="xbmc.service" library="default.py">
    <provides></provides>
  </extension>
  <extension point="xbmc.addon.metadata">
    <summary>tinc Virtual Private Network Daemon</summary>
    <description>
tinc is a virtual private network (VPN) daemon that uses tunnelling and encryption to create a secure private network between hosts on the Internet. Because the VPN appears to the IP level network code as a normal network device, there is no need to adapt any existing software. This allows VPN sites to share information with each other over the Internet without exposing any information to others.
    </description>
    <disclaimer>

    </disclaimer>
    <platform>all</platform>
  </extension>
</addon>
