﻿<?xml version="1.0" encoding="UTF-8"?>
<site generator-info-name="WebGrab+Plus/w MDB &amp; REX Postprocess -- version V1.56.23 -- Jan van Straaten" site="singteltv.com.sg">
  <channels>
    <channel update="i" site="singteltv.com.sg" site_id="5001" xmltv_id="1 Preview Channel (HD)">1 Preview Channel (HD)</channel>
    <channel update="i" site="singteltv.com.sg" site_id="5002" xmltv_id="2 Ch 5 (HD)">2 Ch 5 (HD)</channel>
    <channel update="i" site="singteltv.com.sg" site_id="5003" xmltv_id="3 Ch 8 (HD)">3 Ch 8 (HD)</channel>
    <channel update="i" site="singteltv.com.sg" site_id="5004" xmltv_id="4 Suria (HD)">4 Suria (HD)</channel>
    <channel update="i" site="singteltv.com.sg" site_id="5005" xmltv_id="5 Vasantham (HD)">5 Vasantham (HD)</channel>
    <channel update="i" site="singteltv.com.sg" site_id="5006" xmltv_id="6 CNA (HD)">6 CNA (HD)</channel>
    <channel update="i" site="singteltv.com.sg" site_id="5007" xmltv_id="7 MediaCorp Ch U">7 MediaCorp Ch U</channel>
    <channel update="i" site="singteltv.com.sg" site_id="5008" xmltv_id="8 okto (HD)">8 okto (HD)</channel>
    <channel update="i" site="singteltv.com.sg" site_id="5101" xmltv_id="101 mioStadium Multiview">101 mioStadium Multiview</channel>
    <channel update="i" site="singteltv.com.sg" site_id="5102" xmltv_id="102 (HD) mio Stadium">102 (HD) mio Stadium</channel>
    <channel update="i" site="singteltv.com.sg" site_id="5103" xmltv_id="103 (HD) mio Stadium 103">103 (HD) mio Stadium 103</channel>
    <channel update="i" site="singteltv.com.sg" site_id="5104" xmltv_id="104 (HD) mio Stadium 104">104 (HD) mio Stadium 104</channel>
    <channel update="i" site="singteltv.com.sg" site_id="6105" xmltv_id="105 (HD) mio Stadium 105">105 (HD) mio Stadium 105</channel>
    <channel update="i" site="singteltv.com.sg" site_id="6106" xmltv_id="106 (HD) mio Stadium 106">106 (HD) mio Stadium 106</channel>
    <channel update="i" site="singteltv.com.sg" site_id="6107" xmltv_id="107 (HD) mio Stadium 107">107 (HD) mio Stadium 107</channel>
    <channel update="i" site="singteltv.com.sg" site_id="6108" xmltv_id="108 (HD) mio Stadium 108">108 (HD) mio Stadium 108</channel>
    <channel update="i" site="singteltv.com.sg" site_id="5109" xmltv_id="109 Eleven">109 Eleven</channel>
    <channel update="i" site="singteltv.com.sg" site_id="5110" xmltv_id="110 Eleven Sports">110 Eleven Sports</channel>
    <channel update="i" site="singteltv.com.sg" site_id="5111" xmltv_id="111 mio Sports">111 mio Sports</channel>
    <channel update="i" site="singteltv.com.sg" site_id="6112" xmltv_id="112 Eurosport">112 Eurosport</channel>
    <channel update="i" site="singteltv.com.sg" site_id="6113" xmltv_id="113 Eurosport News">113 Eurosport News</channel>
    <channel update="i" site="singteltv.com.sg" site_id="5114" xmltv_id="114 FOX Sports">114 FOX Sports</channel>
    <channel update="i" site="singteltv.com.sg" site_id="5115" xmltv_id="115 FOX Sports 2">115 FOX Sports 2</channel>
    <channel update="i" site="singteltv.com.sg" site_id="5116" xmltv_id="116 FOX Sports 3">116 FOX Sports 3</channel>
    <channel update="i" site="singteltv.com.sg" site_id="5117" xmltv_id="117 FOX Sports News">117 FOX Sports News</channel>
    <channel update="i" site="singteltv.com.sg" site_id="6118" xmltv_id="118 Sports Multiview">118 Sports Multiview</channel>
    <channel update="i" site="singteltv.com.sg" site_id="6119" xmltv_id="119 Fight Sports (HD)">119 Fight Sports (HD)</channel>
    <channel update="i" site="singteltv.com.sg" site_id="5120" xmltv_id="120 Setanta Sports HD">120 Setanta Sports HD</channel>
    <channel update="i" site="singteltv.com.sg" site_id="5122" xmltv_id="122 TEN Cricket">122 TEN Cricket</channel>
    <channel update="i" site="singteltv.com.sg" site_id="5123" xmltv_id="123 (HD) STAR Cricket">123 (HD) STAR Cricket</channel>
    <channel update="i" site="singteltv.com.sg" site_id="5124" xmltv_id="124 STAR Cricket Xtra HD">124 STAR Cricket Xtra HD</channel>
    <channel update="i" site="singteltv.com.sg" site_id="5129" xmltv_id="129 ASN (HD)">129 ASN (HD)</channel>
    <channel update="i" site="singteltv.com.sg" site_id="5151" xmltv_id="151 Sky News HD">151 Sky News HD</channel>
    <channel update="i" site="singteltv.com.sg" site_id="5155" xmltv_id="155 CCTV News">155 CCTV News</channel>
    <channel update="i" site="singteltv.com.sg" site_id="5157" xmltv_id="157 NHK World TV (HD)">157 NHK World TV (HD)</channel>
    <channel update="i" site="singteltv.com.sg" site_id="5159" xmltv_id="159 France 24 (English)">159 France 24 (English)</channel>
    <channel update="i" site="singteltv.com.sg" site_id="5161" xmltv_id="161 DW">161 DW</channel>
    <channel update="i" site="singteltv.com.sg" site_id="5163" xmltv_id="163 Russia Today">163 Russia Today</channel>
    <channel update="i" site="singteltv.com.sg" site_id="5165" xmltv_id="165 FOX News Channel">165 FOX News Channel</channel>
    <channel update="i" site="singteltv.com.sg" site_id="5167" xmltv_id="167 CNN International">167 CNN International</channel>
    <channel update="i" site="singteltv.com.sg" site_id="5169" xmltv_id="169 HLN">169 HLN</channel>
    <channel update="i" site="singteltv.com.sg" site_id="5171" xmltv_id="171 Bloomberg Television">171 Bloomberg Television</channel>
    <channel update="i" site="singteltv.com.sg" site_id="5173" xmltv_id="173 CNBC Asia">173 CNBC Asia</channel>
    <channel update="i" site="singteltv.com.sg" site_id="5201" xmltv_id="201 Nat Geo Ch">201 Nat Geo Ch</channel>
    <channel update="i" site="singteltv.com.sg" site_id="5202" xmltv_id="202 Discovery Ch (HD)">202 Discovery Ch (HD)</channel>
    <channel update="i" site="singteltv.com.sg" site_id="5203" xmltv_id="203 Nat Geo Ch HD">203 Nat Geo Ch HD</channel>
    <channel update="i" site="singteltv.com.sg" site_id="5204" xmltv_id="204 Discovery HD World">204 Discovery HD World</channel>
    <channel update="i" site="singteltv.com.sg" site_id="5205" xmltv_id="205 Discovery Sci (HD)">205 Discovery Sci (HD)</channel>
    <channel update="i" site="singteltv.com.sg" site_id="5207" xmltv_id="207 Nat Geo Wild HD">207 Nat Geo Wild HD</channel>
    <channel update="i" site="singteltv.com.sg" site_id="5208" xmltv_id="208 Animal Planet (HD)">208 Animal Planet (HD)</channel>
    <channel update="i" site="singteltv.com.sg" site_id="5211" xmltv_id="211 CCTV-9 Documentary">211 CCTV-9 Documentary</channel>
    <channel update="i" site="singteltv.com.sg" site_id="5224" xmltv_id="224 Toonami (HD)">224 Toonami (HD)</channel>
    <channel update="i" site="singteltv.com.sg" site_id="5226" xmltv_id="226 Cartoon Network (HD)">226 Cartoon Network (HD)</channel>
    <channel update="i" site="singteltv.com.sg" site_id="5228" xmltv_id="228 Boomerang (HD)">228 Boomerang (HD)</channel>
    <channel update="i" site="singteltv.com.sg" site_id="5230" xmltv_id="230 Discovery Kids">230 Discovery Kids</channel>
    <channel update="i" site="singteltv.com.sg" site_id="5232" xmltv_id="232 Disney XD (HD)">232 Disney XD (HD)</channel>
    <channel update="i" site="singteltv.com.sg" site_id="5234" xmltv_id="234 Disney Channel (HD)">234 Disney Channel (HD)</channel>
    <channel update="i" site="singteltv.com.sg" site_id="5236" xmltv_id="236 Disney Junior">236 Disney Junior</channel>
    <channel update="i" site="singteltv.com.sg" site_id="5238" xmltv_id="238 Nick Jr.">238 Nick Jr.</channel>
    <channel update="i" site="singteltv.com.sg" site_id="5240" xmltv_id="240 Nickelodeon Asia HD">240 Nickelodeon Asia HD</channel>
    <channel update="i" site="singteltv.com.sg" site_id="5243" xmltv_id="243 Kids Channel">243 Kids Channel</channel>
    <channel update="i" site="singteltv.com.sg" site_id="5244" xmltv_id="244 BabyTV (HD)">244 BabyTV (HD)</channel>
    <channel update="i" site="singteltv.com.sg" site_id="5251" xmltv_id="251 Australia Plus TV">251 Australia Plus TV</channel>
    <channel update="i" site="singteltv.com.sg" site_id="5253" xmltv_id="253 Travel Channel HD">253 Travel Channel HD</channel>
    <channel update="i" site="singteltv.com.sg" site_id="5254" xmltv_id="254 TLC (HD)">254 TLC (HD)</channel>
    <channel update="i" site="singteltv.com.sg" site_id="5255" xmltv_id="255 Nat Geo People HD">255 Nat Geo People HD</channel>
    <channel update="i" site="singteltv.com.sg" site_id="5257" xmltv_id="257 TRACE Sport Stars HD">257 TRACE Sport Stars HD</channel>
    <channel update="i" site="singteltv.com.sg" site_id="5258" xmltv_id="258 DMAX (HD)">258 DMAX (HD)</channel>
    <channel update="i" site="singteltv.com.sg" site_id="5262" xmltv_id="262 Eve (HD)">262 Eve (HD)</channel>
    <channel update="i" site="singteltv.com.sg" site_id="5264" xmltv_id="264 Simply Money (HD)">264 Simply Money (HD)</channel>
    <channel update="i" site="singteltv.com.sg" site_id="5265" xmltv_id="265 Life Inspired (HD)">265 Life Inspired (HD)</channel>
    <channel update="i" site="singteltv.com.sg" site_id="5268" xmltv_id="268 WAKUWAKU JAPAN (HD)">268 WAKUWAKU JAPAN (HD)</channel>
    <channel update="i" site="singteltv.com.sg" site_id="5271" xmltv_id="271 ftv.com (HD)">271 ftv.com (HD)</channel>
    <channel update="i" site="singteltv.com.sg" site_id="5301" xmltv_id="301 Star World HD">301 Star World HD</channel>
    <channel update="i" site="singteltv.com.sg" site_id="5303" xmltv_id="303 DIVA HD">303 DIVA HD</channel>
    <channel update="i" site="singteltv.com.sg" site_id="5306" xmltv_id="306 Warner TV (HD)">306 Warner TV (HD)</channel>
    <channel update="i" site="singteltv.com.sg" site_id="5309" xmltv_id="309 Kix HD">309 Kix HD</channel>
    <channel update="i" site="singteltv.com.sg" site_id="5310" xmltv_id="310 FX HD">310 FX HD</channel>
    <channel update="i" site="singteltv.com.sg" site_id="5313" xmltv_id="313 FOXCRIME HD">313 FOXCRIME HD</channel>
    <channel update="i" site="singteltv.com.sg" site_id="5316" xmltv_id="316 Sony Channel (HD)">316 Sony Channel (HD)</channel>
    <channel update="i" site="singteltv.com.sg" site_id="5318" xmltv_id="318 RTLCBS Entertainment">318 RTLCBS Entertainment</channel>
    <channel update="i" site="singteltv.com.sg" site_id="5322" xmltv_id="322 AMC (HD)">322 AMC (HD)</channel>
    <channel update="i" site="singteltv.com.sg" site_id="5324" xmltv_id="324 Comedy Central (HD)">324 Comedy Central (HD)</channel>
    <channel update="i" site="singteltv.com.sg" site_id="5326" xmltv_id="326 HITS (HD)">326 HITS (HD)</channel>
    <channel update="i" site="singteltv.com.sg" site_id="5328" xmltv_id="328 E! Entertainment HD">328 E! Entertainment HD</channel>
    <channel update="i" site="singteltv.com.sg" site_id="5330" xmltv_id="330 FOX HD">330 FOX HD</channel>
    <channel update="i" site="singteltv.com.sg" site_id="5335" xmltv_id="335 RTL CBS Extreme HD">335 RTL CBS Extreme HD</channel>
    <channel update="i" site="singteltv.com.sg" site_id="5337" xmltv_id="337 ITV Choice (HD)">337 ITV Choice (HD)</channel>
    <channel update="i" site="singteltv.com.sg" site_id="5340" xmltv_id="340 ANIPLUS HD">340 ANIPLUS HD</channel>
    <channel update="i" site="singteltv.com.sg" site_id="5346" xmltv_id="346 truTV (HD)">346 truTV (HD)</channel>
    <channel update="i" site="singteltv.com.sg" site_id="5350" xmltv_id="350 MTV Asia (HD)">350 MTV Asia (HD)</channel>
    <channel update="i" site="singteltv.com.sg" site_id="5352" xmltv_id="352 V HD International">352 V HD International</channel>
    <channel update="i" site="singteltv.com.sg" site_id="5354" xmltv_id="354 Nat Geo Music HD">354 Nat Geo Music HD</channel>
    <channel update="i" site="singteltv.com.sg" site_id="5356" xmltv_id="356 Mezzo Live HD">356 Mezzo Live HD</channel>
    <channel update="i" site="singteltv.com.sg" site_id="5401" xmltv_id="401 Sundance Channel (HD)">401 Sundance Channel (HD)</channel>
    <channel update="i" site="singteltv.com.sg" site_id="5406" xmltv_id="406 FOX Family Movies HD">406 FOX Family Movies HD</channel>
    <channel update="i" site="singteltv.com.sg" site_id="5408" xmltv_id="408 FOX Action Movies HD">408 FOX Action Movies HD</channel>
    <channel update="i" site="singteltv.com.sg" site_id="5414" xmltv_id="414 FOX Movies Prem. HD">414 FOX Movies Prem. HD</channel>
    <channel update="i" site="singteltv.com.sg" site_id="5415" xmltv_id="415 Thrill">415 Thrill</channel>
    <channel update="i" site="singteltv.com.sg" site_id="5420" xmltv_id="420 TCM">420 TCM</channel>
    <channel update="i" site="singteltv.com.sg" site_id="5502" xmltv_id="502 Jia Le Channel (HD)">502 Jia Le Channel (HD)</channel>
    <channel update="i" site="singteltv.com.sg" site_id="5507" xmltv_id="507 STAR Chinese Channel">507 STAR Chinese Channel</channel>
    <channel update="i" site="singteltv.com.sg" site_id="5510" xmltv_id="510 cHK (HD)">510 cHK (HD)</channel>
    <channel update="i" site="singteltv.com.sg" site_id="5512" xmltv_id="512 Jiangsu Satellite Ch">512 Jiangsu Satellite Ch</channel>
    <channel update="i" site="singteltv.com.sg" site_id="5513" xmltv_id="513 ONE HD (Mandarin)">513 ONE HD (Mandarin)</channel>
    <channel update="i" site="singteltv.com.sg" site_id="5516" xmltv_id="516 Xing Kong">516 Xing Kong</channel>
    <channel update="i" site="singteltv.com.sg" site_id="5518" xmltv_id="518 ch M HD">518 ch M HD</channel>
    <channel update="i" site="singteltv.com.sg" site_id="5521" xmltv_id="521 ETTV Asia">521 ETTV Asia</channel>
    <channel update="i" site="singteltv.com.sg" site_id="5523" xmltv_id="523 KBS World (HD)">523 KBS World (HD)</channel>
    <channel update="i" site="singteltv.com.sg" site_id="5525" xmltv_id="525 Oh!K (Mandarin) (HD)">525 Oh!K (Mandarin) (HD)</channel>
    <channel update="i" site="singteltv.com.sg" site_id="5528" xmltv_id="528 TTV World">528 TTV World</channel>
    <channel update="i" site="singteltv.com.sg" site_id="5531" xmltv_id="531 Entertainment Ch">531 Entertainment Ch</channel>
    <channel update="i" site="singteltv.com.sg" site_id="5532" xmltv_id="532 CBO Channel">532 CBO Channel</channel>
    <channel update="i" site="singteltv.com.sg" site_id="5533" xmltv_id="533 Food and Health Ch">533 Food and Health Ch</channel>
    <channel update="i" site="singteltv.com.sg" site_id="5547" xmltv_id="547 Channel V China">547 Channel V China</channel>
    <channel update="i" site="singteltv.com.sg" site_id="5549" xmltv_id="549 Channel V Taiwan">549 Channel V Taiwan</channel>
    <channel update="i" site="singteltv.com.sg" site_id="5551" xmltv_id="551 Phoenix InfoNews HD">551 Phoenix InfoNews HD</channel>
    <channel update="i" site="singteltv.com.sg" site_id="5553" xmltv_id="553 Phoenix Chinese HD">553 Phoenix Chinese HD</channel>
    <channel update="i" site="singteltv.com.sg" site_id="5555" xmltv_id="555 CCTV-4">555 CCTV-4</channel>
    <channel update="i" site="singteltv.com.sg" site_id="5557" xmltv_id="557 CTI Asia (HD)">557 CTI Asia (HD)</channel>
    <channel update="i" site="singteltv.com.sg" site_id="5561" xmltv_id="561 ETTV Asia News">561 ETTV Asia News</channel>
    <channel update="i" site="singteltv.com.sg" site_id="5571" xmltv_id="571 SCM HD">571 SCM HD</channel>
    <channel update="i" site="singteltv.com.sg" site_id="5573" xmltv_id="573 SCM Legend">573 SCM Legend</channel>
    <channel update="i" site="singteltv.com.sg" site_id="5580" xmltv_id="580 Celestial Classics">580 Celestial Classics</channel>
    <channel update="i" site="singteltv.com.sg" site_id="5585" xmltv_id="585 Celestial Movies">585 Celestial Movies</channel>
    <channel update="i" site="singteltv.com.sg" site_id="5602" xmltv_id="602 Astro Prima">602 Astro Prima</channel>
    <channel update="i" site="singteltv.com.sg" site_id="5604" xmltv_id="604 ONE HD (Malay)">604 ONE HD (Malay)</channel>
    <channel update="i" site="singteltv.com.sg" site_id="5608" xmltv_id="608 Astro Ria">608 Astro Ria</channel>
    <channel update="i" site="singteltv.com.sg" site_id="5611" xmltv_id="611 Oh!K (Malay) (HD)">611 Oh!K (Malay) (HD)</channel>
    <channel update="i" site="singteltv.com.sg" site_id="5613" xmltv_id="613 Showcase">613 Showcase</channel>
    <channel update="i" site="singteltv.com.sg" site_id="5614" xmltv_id="614 !nsert">614 !nsert</channel>
    <channel update="i" site="singteltv.com.sg" site_id="5615" xmltv_id="615 Bioskop Indonesia">615 Bioskop Indonesia</channel>
    <channel update="i" site="singteltv.com.sg" site_id="5618" xmltv_id="618 MNC Drama">618 MNC Drama</channel>
    <channel update="i" site="singteltv.com.sg" site_id="5622" xmltv_id="622 Sun TV">622 Sun TV</channel>
    <channel update="i" site="singteltv.com.sg" site_id="5624" xmltv_id="624 Astro Vellithirai">624 Astro Vellithirai</channel>
    <channel update="i" site="singteltv.com.sg" site_id="5626" xmltv_id="626 Astro Vinmeen HD">626 Astro Vinmeen HD</channel>
    <channel update="i" site="singteltv.com.sg" site_id="5628" xmltv_id="628 Adithya TV">628 Adithya TV</channel>
    <channel update="i" site="singteltv.com.sg" site_id="5630" xmltv_id="630 KALAIGNAR TV">630 KALAIGNAR TV</channel>
    <channel update="i" site="singteltv.com.sg" site_id="5634" xmltv_id="634 Vijay">634 Vijay</channel>
    <channel update="i" site="singteltv.com.sg" site_id="5640" xmltv_id="640 Surya TV">640 Surya TV</channel>
    <channel update="i" site="singteltv.com.sg" site_id="5641" xmltv_id="641 Kiran TV">641 Kiran TV</channel>
    <channel update="i" site="singteltv.com.sg" site_id="5644" xmltv_id="644 SET (HINDI)">644 SET (HINDI)</channel>
    <channel update="i" site="singteltv.com.sg" site_id="5646" xmltv_id="646 Zee TV">646 Zee TV</channel>
    <channel update="i" site="singteltv.com.sg" site_id="5648" xmltv_id="648 SAB TV">648 SAB TV</channel>
    <channel update="i" site="singteltv.com.sg" site_id="5650" xmltv_id="650 Rishtey Asia">650 Rishtey Asia</channel>
    <channel update="i" site="singteltv.com.sg" site_id="5652" xmltv_id="652 Colors">652 Colors</channel>
    <channel update="i" site="singteltv.com.sg" site_id="5654" xmltv_id="654 Life OK">654 Life OK</channel>
    <channel update="i" site="singteltv.com.sg" site_id="5656" xmltv_id="656 STAR Plus">656 STAR Plus</channel>
    <channel update="i" site="singteltv.com.sg" site_id="5658" xmltv_id="658 MTV India">658 MTV India</channel>
    <channel update="i" site="singteltv.com.sg" site_id="5660" xmltv_id="660 Channel V India">660 Channel V India</channel>
    <channel update="i" site="singteltv.com.sg" site_id="5662" xmltv_id="662 STAR Gold">662 STAR Gold</channel>
    <channel update="i" site="singteltv.com.sg" site_id="5668" xmltv_id="668 Sony MAX">668 Sony MAX</channel>
    <channel update="i" site="singteltv.com.sg" site_id="5670" xmltv_id="670 maa movies">670 maa movies</channel>
    <channel update="i" site="singteltv.com.sg" site_id="5671" xmltv_id="671 maa TV">671 maa TV</channel>
    <channel update="i" site="singteltv.com.sg" site_id="5672" xmltv_id="672 ETV">672 ETV</channel>
    <channel update="i" site="singteltv.com.sg" site_id="5673" xmltv_id="673 Gemini TV">673 Gemini TV</channel>
    <channel update="i" site="singteltv.com.sg" site_id="5674" xmltv_id="674 Gemini Movies">674 Gemini Movies</channel>
    <channel update="i" site="singteltv.com.sg" site_id="5676" xmltv_id="676 Times Now">676 Times Now</channel>
    <channel update="i" site="singteltv.com.sg" site_id="5677" xmltv_id="677 News 18 India">677 News 18 India</channel>
    <channel update="i" site="singteltv.com.sg" site_id="5682" xmltv_id="682 NHK World Premium">682 NHK World Premium</channel>
    <channel update="i" site="singteltv.com.sg" site_id="5686" xmltv_id="686 France 24 (French)">686 France 24 (French)</channel>
    <channel update="i" site="singteltv.com.sg" site_id="5688" xmltv_id="688 GMA Pinoy TV">688 GMA Pinoy TV</channel>
    <channel update="i" site="singteltv.com.sg" site_id="5689" xmltv_id="689 GMA Life TV">689 GMA Life TV</channel>
    <channel update="i" site="singteltv.com.sg" site_id="5690" xmltv_id="690 GMA News TV Intl">690 GMA News TV Intl</channel>
    <channel update="i" site="singteltv.com.sg" site_id="5692" xmltv_id="692 Lifestyle Network">692 Lifestyle Network</channel>
    <channel update="i" site="singteltv.com.sg" site_id="5693" xmltv_id="693 The Filipino Channel">693 The Filipino Channel</channel>
    <channel update="i" site="singteltv.com.sg" site_id="5694" xmltv_id="694 ABS-CBN Sport+Action">694 ABS-CBN Sport+Action</channel>
  </channels>
</site>