﻿<?xml version="1.0" encoding="UTF-8"?>
<site generator-info-name="WebGrab+Plus/w MDB &amp; REX Postprocess -- version V1.56.23.1 -- Jan van Straaten" site="starhubgo.com">
  <channels>
    <channel update="i" site="starhubgo.com" site_id="10013198" xmltv_id="Vasantham">Vasantham</channel>
    <channel update="i" site="starhubgo.com" site_id="8855867" xmltv_id="Life OK">Life OK</channel>
    <channel update="i" site="starhubgo.com" site_id="8741959" xmltv_id="HD 5">HD 5</channel>
    <channel update="i" site="starhubgo.com" site_id="9204848" xmltv_id="SAB TV">SAB TV</channel>
    <channel update="i" site="starhubgo.com" site_id="8488263" xmltv_id="Channel [V] India">Channel [V] India</channel>
    <channel update="i" site="starhubgo.com" site_id="10901714" xmltv_id="ONE MALAY">ONE MALAY</channel>
    <channel update="i" site="starhubgo.com" site_id="9116200" xmltv_id="COLORS">COLORS</channel>
    <channel update="i" site="starhubgo.com" site_id="8150575" xmltv_id="ANC">ANC</channel>
    <channel update="i" site="starhubgo.com" site_id="9323730" xmltv_id="Sensasi">Sensasi</channel>
    <channel update="i" site="starhubgo.com" site_id="9370012" xmltv_id="MediaCorp Suria">MediaCorp Suria</channel>
    <channel update="i" site="starhubgo.com" site_id="8644905" xmltv_id="E City">E City</channel>
    <channel update="i" site="starhubgo.com" site_id="8735373" xmltv_id="MediaCorp Ch 5">MediaCorp Ch 5</channel>
    <channel update="i" site="starhubgo.com" site_id="8910325" xmltv_id="NDTV Good Times">NDTV Good Times</channel>
    <channel update="i" site="starhubgo.com" site_id="9447424" xmltv_id="V Thamizh">V Thamizh</channel>
    <channel update="i" site="starhubgo.com" site_id="7572977" xmltv_id="The Filipino Channel">The Filipino Channel</channel>
    <channel update="i" site="starhubgo.com" site_id="7999802" xmltv_id="Zee Cinema">Zee Cinema</channel>
    <channel update="i" site="starhubgo.com" site_id="9199020" xmltv_id="Russia Today">Russia Today</channel>
    <channel update="i" site="starhubgo.com" site_id="8500434" xmltv_id="Channel U">Channel U</channel>
    <channel update="i" site="starhubgo.com" site_id="9486748" xmltv_id="ZeeTV">ZeeTV</channel>
    <channel update="i" site="starhubgo.com" site_id="9492707" xmltv_id="Zee News">Zee News</channel>
    <channel update="i" site="starhubgo.com" site_id="9528553" xmltv_id="okto">okto</channel>
    <channel update="i" site="starhubgo.com" site_id="8904862" xmltv_id="NDTV 24x7">NDTV 24x7</channel>
    <channel update="i" site="starhubgo.com" site_id="8484391" xmltv_id="MediaCorp Ch 8">MediaCorp Ch 8</channel>
    <channel update="i" site="starhubgo.com" site_id="7753263" xmltv_id="Astro Warna">Astro Warna</channel>
    <channel update="i" site="starhubgo.com" site_id="7753173" xmltv_id="Asianet Movies">Asianet Movies</channel>
    <channel update="i" site="starhubgo.com" site_id="9352604" xmltv_id="STAR Gold">STAR Gold</channel>
    <channel update="i" site="starhubgo.com" site_id="9294445" xmltv_id="Sony Entertainment">Sony Entertainment</channel>
    <channel update="i" site="starhubgo.com" site_id="8503230" xmltv_id="Cinema One Global">Cinema One Global</channel>
    <channel update="i" site="starhubgo.com" site_id="9386348" xmltv_id="TV5Monde">TV5Monde</channel>
    <channel update="i" site="starhubgo.com" site_id="8868182" xmltv_id="IDX">IDX</channel>
    <channel update="i" site="starhubgo.com" site_id="9014086" xmltv_id="ONE HD">ONE HD</channel>
    <channel update="i" site="starhubgo.com" site_id="8879765" xmltv_id="MNC Info">MNC Info</channel>
    <channel update="i" site="starhubgo.com" site_id="9357587" xmltv_id="Sun Music">Sun Music</channel>
    <channel update="i" site="starhubgo.com" site_id="9175132" xmltv_id="SONY Max">SONY Max</channel>
    <channel update="i" site="starhubgo.com" site_id="9174159" xmltv_id="STAR Plus">STAR Plus</channel>
    <channel update="i" site="starhubgo.com" site_id="7756184" xmltv_id="Asianet">Asianet</channel>
    <channel update="i" site="starhubgo.com" site_id="9546956" xmltv_id="SUN TV">SUN TV</channel>
    <channel update="i" site="starhubgo.com" site_id="9506925" xmltv_id="Zee Tamizh">Zee Tamizh</channel>
    <channel update="i" site="starhubgo.com" site_id="8413941" xmltv_id="MediaCorp CNA">MediaCorp CNA</channel>
    <channel update="i" site="starhubgo.com" site_id="9496040" xmltv_id="Zee TV HD">Zee TV HD</channel>
    <channel update="i" site="starhubgo.com" site_id="9211254" xmltv_id="&amp;TV HD">&amp;TV HD</channel>
    <channel update="i" site="starhubgo.com" site_id="8573537" xmltv_id="Deutsche Welle">Deutsche Welle</channel>
    <channel update="i" site="starhubgo.com" site_id="9438255" xmltv_id="Vannathirai">Vannathirai</channel>
    <channel update="i" site="starhubgo.com" site_id="9459638" xmltv_id="VIJAY">VIJAY</channel>
    <channel update="i" site="starhubgo.com" site_id="8877750" xmltv_id="MNC Channel">MNC Channel</channel>
    <channel update="i" site="starhubgo.com" site_id="10244840" xmltv_id="mioStadium 107 (HD)">mioStadium 107 (HD)</channel>
    <channel update="i" site="starhubgo.com" site_id="9293525" xmltv_id="Setanta Sports">Setanta Sports</channel>
    <channel update="i" site="starhubgo.com" site_id="9323729" xmltv_id="Fox Sports 2 HD">Fox Sports 2 HD</channel>
    <channel update="i" site="starhubgo.com" site_id="9329444" xmltv_id="Super Sports1 HD">Super Sports1 HD</channel>
    <channel update="i" site="starhubgo.com" site_id="8631144" xmltv_id="Fox Sports HD">Fox Sports HD</channel>
    <channel update="i" site="starhubgo.com" site_id="10243894" xmltv_id="mioStadium 102 (HD)">mioStadium 102 (HD)</channel>
    <channel update="i" site="starhubgo.com" site_id="8637388" xmltv_id="FOX SPORTS NEWS">FOX SPORTS NEWS</channel>
    <channel update="i" site="starhubgo.com" site_id="9294384" xmltv_id="StarCricket HD">StarCricket HD</channel>
    <channel update="i" site="starhubgo.com" site_id="9168662" xmltv_id="Red Card Sports Radio">Red Card Sports Radio</channel>
    <channel update="i" site="starhubgo.com" site_id="10291890" xmltv_id="Horse Racing Ch88">Horse Racing Ch88</channel>
    <channel update="i" site="starhubgo.com" site_id="10244155" xmltv_id="mioStadium 107 (HD)">mioStadium 107 (HD)</channel>
    <channel update="i" site="starhubgo.com" site_id="20518833" xmltv_id="BeIN Sports HD">BeIN Sports HD</channel>
    <channel update="i" site="starhubgo.com" site_id="9405916" xmltv_id="Ten Cricket">Ten Cricket</channel>
    <channel update="i" site="starhubgo.com" site_id="7739028" xmltv_id="ASN">ASN</channel>
    <channel update="i" site="starhubgo.com" site_id="9294377" xmltv_id="StarCricket Extra HD">StarCricket Extra HD</channel>
    <channel update="i" site="starhubgo.com" site_id="10244967" xmltv_id="mioStadium 105 (HD)">mioStadium 105 (HD)</channel>
    <channel update="i" site="starhubgo.com" site_id="10243052" xmltv_id="mioStadium Multiview 101">mioStadium Multiview 101</channel>
    <channel update="i" site="starhubgo.com" site_id="9293325" xmltv_id="SuperSports 4 HD">SuperSports 4 HD</channel>
    <channel update="i" site="starhubgo.com" site_id="10244275" xmltv_id="mioStadium 103 (HD)">mioStadium 103 (HD)</channel>
    <channel update="i" site="starhubgo.com" site_id="10244262" xmltv_id="mioStadium 106 (HD)">mioStadium 106 (HD)</channel>
    <channel update="i" site="starhubgo.com" site_id="10292438" xmltv_id="Horse Racing Ch89">Horse Racing Ch89</channel>
    <channel update="i" site="starhubgo.com" site_id="7610614" xmltv_id="Super Sports Arena HD">Super Sports Arena HD</channel>
    <channel update="i" site="starhubgo.com" site_id="8635560" xmltv_id="Fox Sports 3 HD">Fox Sports 3 HD</channel>
    <channel update="i" site="starhubgo.com" site_id="8647031" xmltv_id="Eurosportnews">Eurosportnews</channel>
    <channel update="i" site="starhubgo.com" site_id="10244243" xmltv_id="mioStadium 104 (HD)">mioStadium 104 (HD)</channel>
    <channel update="i" site="starhubgo.com" site_id="9294974" xmltv_id="Super Sports 2 HD">Super Sports 2 HD</channel>
    <channel update="i" site="starhubgo.com" site_id="8649533" xmltv_id="Eurosport HD">Eurosport HD</channel>
    <channel update="i" site="starhubgo.com" site_id="8903226" xmltv_id="NBA TV">NBA TV</channel>
    <channel update="i" site="starhubgo.com" site_id="9298026" xmltv_id="Super Sports3 HD">Super Sports3 HD</channel>
    <channel update="i" site="starhubgo.com" site_id="8009514" xmltv_id="ZooMoo HD">ZooMoo HD</channel>
    <channel update="i" site="starhubgo.com" site_id="8984998" xmltv_id="Nick JR">Nick JR</channel>
    <channel update="i" site="starhubgo.com" site_id="8603379" xmltv_id="Disney XD HD">Disney XD HD</channel>
    <channel update="i" site="starhubgo.com" site_id="8291497" xmltv_id="BabyTV">BabyTV</channel>
    <channel update="i" site="starhubgo.com" site_id="8586274" xmltv_id="Discovery Kids Channel">Discovery Kids Channel</channel>
    <channel update="i" site="starhubgo.com" site_id="8997031" xmltv_id="Nickelodeon">Nickelodeon</channel>
    <channel update="i" site="starhubgo.com" site_id="9418340" xmltv_id="Toonami">Toonami</channel>
    <channel update="i" site="starhubgo.com" site_id="8363045" xmltv_id="Cbeebies">Cbeebies</channel>
    <channel update="i" site="starhubgo.com" site_id="9021436" xmltv_id="Disney Junior">Disney Junior</channel>
    <channel update="i" site="starhubgo.com" site_id="8036228" xmltv_id="Cartoon Network">Cartoon Network</channel>
    <channel update="i" site="starhubgo.com" site_id="8342957" xmltv_id="Boomerang HD">Boomerang HD</channel>
    <channel update="i" site="starhubgo.com" site_id="7580954" xmltv_id="Disney Channel HD">Disney Channel HD</channel>
    <channel update="i" site="starhubgo.com" site_id="7797516" xmltv_id="BabyFirst">BabyFirst</channel>
    <channel update="i" site="starhubgo.com" site_id="8949423" xmltv_id="Australia Plus Television">Australia Plus Television</channel>
    <channel update="i" site="starhubgo.com" site_id="8033359" xmltv_id="Discovery Channel">Discovery Channel</channel>
    <channel update="i" site="starhubgo.com" site_id="8596142" xmltv_id="Discovery Science">Discovery Science</channel>
    <channel update="i" site="starhubgo.com" site_id="8716311" xmltv_id="H2 HD">H2 HD</channel>
    <channel update="i" site="starhubgo.com" site_id="7753931" xmltv_id="AFC">AFC</channel>
    <channel update="i" site="starhubgo.com" site_id="8035618" xmltv_id="Discovery HD World">Discovery HD World</channel>
    <channel update="i" site="starhubgo.com" site_id="8747993" xmltv_id="History HD">History HD</channel>
    <channel update="i" site="starhubgo.com" site_id="8754078" xmltv_id="National Geographic Channel HD">National Geographic Channel HD</channel>
    <channel update="i" site="starhubgo.com" site_id="7743387" xmltv_id="Animal Planet">Animal Planet</channel>
    <channel update="i" site="starhubgo.com" site_id="8760815" xmltv_id="HGTV HD">HGTV HD</channel>
    <channel update="i" site="starhubgo.com" site_id="8564638" xmltv_id="TLC">TLC</channel>
    <channel update="i" site="starhubgo.com" site_id="8973085" xmltv_id="National Geographic Channel">National Geographic Channel</channel>
    <channel update="i" site="starhubgo.com" site_id="8962210" xmltv_id="Nat Geo Wild">Nat Geo Wild</channel>
    <channel update="i" site="starhubgo.com" site_id="7784051" xmltv_id="BBC Earth">BBC Earth</channel>
    <channel update="i" site="starhubgo.com" site_id="8557883" xmltv_id="DMAX">DMAX</channel>
    <channel update="i" site="starhubgo.com" site_id="8622020" xmltv_id="E! Entertainment">E! Entertainment</channel>
    <channel update="i" site="starhubgo.com" site_id="8302727" xmltv_id="FYI HD Channel">FYI HD Channel</channel>
    <channel update="i" site="starhubgo.com" site_id="8396650" xmltv_id="Crime &amp; Investigation Network (HD)">Crime &amp; Investigation Network (HD)</channel>
    <channel update="i" site="starhubgo.com" site_id="8545586" xmltv_id="EVE">EVE</channel>
    <channel update="i" site="starhubgo.com" site_id="7772459" xmltv_id="BBC Lifestyle">BBC Lifestyle</channel>
    <channel update="i" site="starhubgo.com" site_id="9430139" xmltv_id="Travel Channel HD">Travel Channel HD</channel>
    <channel update="i" site="starhubgo.com" site_id="8671025" xmltv_id="Fashion TV">Fashion TV</channel>
    <channel update="i" site="starhubgo.com" site_id="9161803" xmltv_id="RTL CBS Extreme HD">RTL CBS Extreme HD</channel>
    <channel update="i" site="starhubgo.com" site_id="9436936" xmltv_id="truTV">truTV</channel>
    <channel update="i" site="starhubgo.com" site_id="8894647" xmltv_id="Nat Geo People">Nat Geo People</channel>
    <channel update="i" site="starhubgo.com" site_id="8697358" xmltv_id="Food Network">Food Network</channel>
    <channel update="i" site="starhubgo.com" site_id="8687993" xmltv_id="Fashion One">Fashion One</channel>
    <channel update="i" site="starhubgo.com" site_id="8552102" xmltv_id="DIVA HD">DIVA HD</channel>
    <channel update="i" site="starhubgo.com" site_id="9552167" xmltv_id="HITS HD">HITS HD</channel>
    <channel update="i" site="starhubgo.com" site_id="9437691" xmltv_id="Universal Channel">Universal Channel</channel>
    <channel update="i" site="starhubgo.com" site_id="7746838" xmltv_id="AXN HD">AXN HD</channel>
    <channel update="i" site="starhubgo.com" site_id="8887569" xmltv_id="MTV S.E.A">MTV S.E.A</channel>
    <channel update="i" site="starhubgo.com" site_id="8536836" xmltv_id="Comedy Central Asia HD">Comedy Central Asia HD</channel>
    <channel update="i" site="starhubgo.com" site_id="9508858" xmltv_id="iConcert">iConcert</channel>
    <channel update="i" site="starhubgo.com" site_id="8865165" xmltv_id="Lifetime HD">Lifetime HD</channel>
    <channel update="i" site="starhubgo.com" site_id="9470977" xmltv_id="Warner TV">Warner TV</channel>
    <channel update="i" site="starhubgo.com" site_id="8968399" xmltv_id="Nat Geo Music">Nat Geo Music</channel>
    <channel update="i" site="starhubgo.com" site_id="8657369" xmltv_id="FOXCRIME">FOXCRIME</channel>
    <channel update="i" site="starhubgo.com" site_id="8771535" xmltv_id="KIX">KIX</channel>
    <channel update="i" site="starhubgo.com" site_id="7745703" xmltv_id="Animax">Animax</channel>
    <channel update="i" site="starhubgo.com" site_id="9324968" xmltv_id="Sony Channel">Sony Channel</channel>
    <channel update="i" site="starhubgo.com" site_id="8498903" xmltv_id="Channel [V] International">Channel [V] International</channel>
    <channel update="i" site="starhubgo.com" site_id="7769255" xmltv_id="BBC Entertainment">BBC Entertainment</channel>
    <channel update="i" site="starhubgo.com" site_id="8663675" xmltv_id="FOX HD">FOX HD</channel>
    <channel update="i" site="starhubgo.com" site_id="8678839" xmltv_id="FX HD">FX HD</channel>
    <channel update="i" site="starhubgo.com" site_id="9353234" xmltv_id="STAR World">STAR World</channel>
    <channel update="i" site="starhubgo.com" site_id="9162442" xmltv_id="RTL CBS Entertainment HD">RTL CBS Entertainment HD</channel>
    <channel update="i" site="starhubgo.com" site_id="7678082" xmltv_id="Aniplus HD">Aniplus HD</channel>
    <channel update="i" site="starhubgo.com" site_id="9531501" xmltv_id="Syfy">Syfy</channel>
    <channel update="i" site="starhubgo.com" site_id="9096698" xmltv_id="CinemaWorld HD">CinemaWorld HD</channel>
    <channel update="i" site="starhubgo.com" site_id="9115636" xmltv_id="Cinemax HD">Cinemax HD</channel>
    <channel update="i" site="starhubgo.com" site_id="8652811" xmltv_id="FOX Action Movies HD">FOX Action Movies HD</channel>
    <channel update="i" site="starhubgo.com" site_id="9403977" xmltv_id="Thrill">Thrill</channel>
    <channel update="i" site="starhubgo.com" site_id="9369959" xmltv_id="Turner Classic Movies">Turner Classic Movies</channel>
    <channel update="i" site="starhubgo.com" site_id="8722863" xmltv_id="HBO Hits">HBO Hits</channel>
    <channel update="i" site="starhubgo.com" site_id="8730459" xmltv_id="HBO HD">HBO HD</channel>
    <channel update="i" site="starhubgo.com" site_id="9293658" xmltv_id="FOX Movies Premium HD">FOX Movies Premium HD</channel>
    <channel update="i" site="starhubgo.com" site_id="8726536" xmltv_id="HBO Signature">HBO Signature</channel>
    <channel update="i" site="starhubgo.com" site_id="8702809" xmltv_id="FOX Family Movies HD">FOX Family Movies HD</channel>
    <channel update="i" site="starhubgo.com" site_id="8719733" xmltv_id="HBO Family">HBO Family</channel>
    <channel update="i" site="starhubgo.com" site_id="9326025" xmltv_id="SKY NEWS HD">SKY NEWS HD</channel>
    <channel update="i" site="starhubgo.com" site_id="8442971" xmltv_id="CNN HD">CNN HD</channel>
    <channel update="i" site="starhubgo.com" site_id="8422866" xmltv_id="CNBC">CNBC</channel>
    <channel update="i" site="starhubgo.com" site_id="8428506" xmltv_id="CNN Headline News">CNN Headline News</channel>
    <channel update="i" site="starhubgo.com" site_id="8706075" xmltv_id="FOX News Channel">FOX News Channel</channel>
    <channel update="i" site="starhubgo.com" site_id="7770484" xmltv_id="BBC World News HD">BBC World News HD</channel>
    <channel update="i" site="starhubgo.com" site_id="8383286" xmltv_id="CCTV News">CCTV News</channel>
    <channel update="i" site="starhubgo.com" site_id="8330260" xmltv_id="Bloomberg Television">Bloomberg Television</channel>
    <channel update="i" site="starhubgo.com" site_id="8856381" xmltv_id="KMTV">KMTV</channel>
    <channel update="i" site="starhubgo.com" site_id="9516905" xmltv_id="now Hairunomneon">now Hairunomneon</channel>
    <channel update="i" site="starhubgo.com" site_id="9001889" xmltv_id="One HD">One HD</channel>
    <channel update="i" site="starhubgo.com" site_id="7746195" xmltv_id="Asia Travel">Asia Travel</channel>
    <channel update="i" site="starhubgo.com" site_id="8640049" xmltv_id="E City">E City</channel>
    <channel update="i" site="starhubgo.com" site_id="9404759" xmltv_id="TVBS News">TVBS News</channel>
    <channel update="i" site="starhubgo.com" site_id="8767333" xmltv_id="KBS World HD">KBS World HD</channel>
    <channel update="i" site="starhubgo.com" site_id="9090614" xmltv_id="China Business News (CBN)">China Business News (CBN)</channel>
    <channel update="i" site="starhubgo.com" site_id="8450084" xmltv_id="CTI">CTI</channel>
    <channel update="i" site="starhubgo.com" site_id="8613946" xmltv_id="Dragon TV">Dragon TV</channel>
    <channel update="i" site="starhubgo.com" site_id="9017754" xmltv_id="Oh!K">Oh!K</channel>
    <channel update="i" site="starhubgo.com" site_id="9439844" xmltv_id="VVD HD">VVD HD</channel>
    <channel update="i" site="starhubgo.com" site_id="9383383" xmltv_id="TVBJ">TVBJ</channel>
    <channel update="i" site="starhubgo.com" site_id="8367824" xmltv_id="CCTV-4">CCTV-4</channel>
  </channels>
</site>
