<?xml version="1.0" encoding="UTF-8" standalone="yes"?>
<addon id="driver.remote.imon-mce"
       name="iMON-MCE"
       version="7.0.101"
       provider-name="libreelec.tv">
  <requires>
    <import addon="os.libreelec.tv" version="7.0"/>
    <import addon="xbmc.python" version="2.1.0"/>

  </requires>
  <extension point="xbmc.service" library="default.py">
    <provides></provides>
  </extension>
  <extension point="xbmc.addon.metadata">
    <summary>iMON-MCE: a Linux driver to add support for MCE remotes to the iMON driver</summary>
    <description>
Install this to add support for iMon MCE remote controls.
    </description>
    <disclaimer>

    </disclaimer>
    <platform>all</platform>
  </extension>
</addon>
