<?xml version="1.0" encoding="UTF-8" standalone="yes"?>
<addon id="service.multimedia.vdr-addon"
       name="VDR PVR Backend"
       version="7.0.102"
       provider-name="libreelec.tv">
  <requires>
    <import addon="os.libreelec.tv" version="7.0"/>
    <import addon="xbmc.python" version="2.1.0"/>

    <import addon="pvr.vdr.vnsi" version="0.0.0" />
    <import addon="script.config.vdr" version="0.0.0" />
  </requires>
  <extension point="xbmc.service" library="default.py">
    <provides></provides>
  </extension>
  <extension point="xbmc.addon.metadata">
    <summary>VDR: a TV streaming server for Linux</summary>
    <description>
VDR (2.2.0) is a TV streaming server for Linux supporting DVB-S/S2, DVB-C, DVB-T/T2, IPTV and SAT>IP
    </description>
    <disclaimer>

    </disclaimer>
    <platform>all</platform>
  </extension>
</addon>
