<?xml version="1.0" encoding="UTF-8"?>
<!DOCTYPE configuremap [
<!ELEMENT configuremap (configure)+>
<!ELEMENT configure (#PCDATA)>
<!ATTLIST configure name CDATA #REQUIRED>
<!ATTLIST configure value CDATA #REQUIRED>
]>
<configuremap>
  <configure name="CC" value="/home/codesnake/LibreELEC.tv/build.LibreELEC-WeTek_Play_2.aarch64-7.0-devel/toolchain/bin/aarch64-libreelec-linux-gnueabi-gcc"/>
  <configure name="CFLAGS" value="-I/home/codesnake/LibreELEC.tv/build.LibreELEC-WeTek_Play_2.aarch64-7.0-devel/toolchain/aarch64-libreelec-linux-gnueabi/sysroot/usr/include/libxml2 -I/home/codesnake/LibreELEC.tv/build.LibreELEC-WeTek_Play_2.aarch64-7.0-devel/toolchain/aarch64-libreelec-linux-gnueabi/sysroot/usr/include/libpng16 -I/home/codesnake/LibreELEC.tv/build.LibreELEC-WeTek_Play_2.aarch64-7.0-devel/toolchain/aarch64-libreelec-linux-gnueabi/sysroot/usr/include/freetype2 -I/home/codesnake/LibreELEC.tv/build.LibreELEC-WeTek_Play_2.aarch64-7.0-devel/toolchain/aarch64-libreelec-linux-gnueabi/sysroot/home/codesnake/LibreELEC.tv/build.LibreELEC-WeTek_Play_2.aarch64-7.0-devel/toolchain/aarch64-libreelec-linux-gnueabi/sysroot/usr/include/freetype2 -I/home/codesnake/LibreELEC.tv/build.LibreELEC-WeTek_Play_2.aarch64-7.0-devel/toolchain/aarch64-libreelec-linux-gnueabi/sysroot/usr/include/freetype2    -march=armv8-a+crc+crypto -mabi=lp64 -Wno-psabi -mcpu=cortex-a53+crc+crypto -fomit-frame-pointer -Wall -pipe -Os -fexcess-precision=fast -flto -ffat-lto-objects  -fexceptions -pthread -DMAGICKCORE_HDRI_ENABLE=0 -DMAGICKCORE_QUANTUM_DEPTH=8"/>
  <configure name="CODER_PATH" value="/usr/lib/ImageMagick-6.9.5/modules-Q8/coders"/>
  <configure name="CONFIGURE_PATH" value="/etc/ImageMagick-6/"/>
  <configure name="CONFIGURE" value="/home/codesnake/LibreELEC.tv/build.LibreELEC-WeTek_Play_2.aarch64-7.0-devel/imagemagick-6.9.5-5/configure  '--host=aarch64-libreelec-linux-gnueabi' '--build=x86_64-linux-gnu' '--prefix=/usr' '--bindir=/usr/bin' '--sbindir=/usr/sbin' '--sysconfdir=/etc' '--libexecdir=/usr/lib' '--localstatedir=/var' '--disable-static' '--enable-static' '--enable-shared' '--with-quantum-depth=8' '--enable-hdri=no' '--disable-openmp' 'build_alias=x86_64-linux-gnu' 'host_alias=aarch64-libreelec-linux-gnueabi' 'CC=/home/codesnake/LibreELEC.tv/build.LibreELEC-WeTek_Play_2.aarch64-7.0-devel/toolchain/bin/aarch64-libreelec-linux-gnueabi-gcc' 'CFLAGS=-march=armv8-a+crc+crypto -mabi=lp64 -Wno-psabi -mcpu=cortex-a53+crc+crypto -fomit-frame-pointer -Wall -pipe -Os -fexcess-precision=fast -flto -ffat-lto-objects ' 'LDFLAGS=-march=armv8-a+crc+crypto -mtune=cortex-a53 -Wl,--as-needed -fuse-ld=gold -fuse-linker-plugin -flto' 'CPPFLAGS=' 'CXX=/home/codesnake/LibreELEC.tv/build.LibreELEC-WeTek_Play_2.aarch64-7.0-devel/toolchain/bin/aarch64-libreelec-linux-gnueabi-g++' 'CXXFLAGS=-march=armv8-a+crc+crypto -mabi=lp64 -Wno-psabi -mcpu=cortex-a53+crc+crypto -fomit-frame-pointer -Wall -pipe -Os -fexcess-precision=fast -flto -ffat-lto-objects ' 'PKG_CONFIG=/home/codesnake/LibreELEC.tv/build.LibreELEC-WeTek_Play_2.aarch64-7.0-devel/toolchain/bin/pkg-config' 'PKG_CONFIG_PATH=' 'PKG_CONFIG_LIBDIR=/home/codesnake/LibreELEC.tv/build.LibreELEC-WeTek_Play_2.aarch64-7.0-devel/toolchain/aarch64-libreelec-linux-gnueabi/sysroot/usr/lib/pkgconfig:/home/codesnake/LibreELEC.tv/build.LibreELEC-WeTek_Play_2.aarch64-7.0-devel/toolchain/aarch64-libreelec-linux-gnueabi/sysroot/usr/share/pkgconfig'"/>
  <configure name="COPYRIGHT" value="Copyright (C) 1999-2016 ImageMagick Studio LLC"/>
  <configure name="CPPFLAGS" value="-I/usr/include/ImageMagick-6"/>
  <configure name="CXXFLAGS" value="-march=armv8-a+crc+crypto -mabi=lp64 -Wno-psabi -mcpu=cortex-a53+crc+crypto -fomit-frame-pointer -Wall -pipe -Os -fexcess-precision=fast -flto -ffat-lto-objects  -pthread"/>
  <configure name="CXX" value="/home/codesnake/LibreELEC.tv/build.LibreELEC-WeTek_Play_2.aarch64-7.0-devel/toolchain/bin/aarch64-libreelec-linux-gnueabi-g++"/>
  <configure name="DEFS" value="-DHAVE_CONFIG_H"/>
  <configure name="DELEGATES" value="bzlib mpeg fontconfig freetype jng jpeg png x xml zlib"/>
  <configure name="DISTCHECK_CONFIG_FLAGS" value="'CC=/home/codesnake/LibreELEC.tv/build.LibreELEC-WeTek_Play_2.aarch64-7.0-devel/toolchain/bin/aarch64-libreelec-linux-gnueabi-gcc' 'CFLAGS=-march=armv8-a+crc+crypto -mabi=lp64 -Wno-psabi -mcpu=cortex-a53+crc+crypto -fomit-frame-pointer -Wall -pipe -Os -fexcess-precision=fast -flto -ffat-lto-objects ' 'CPPFLAGS=' 'CXX=/home/codesnake/LibreELEC.tv/build.LibreELEC-WeTek_Play_2.aarch64-7.0-devel/toolchain/bin/aarch64-libreelec-linux-gnueabi-g++' 'LDFLAGS=-march=armv8-a+crc+crypto -mtune=cortex-a53 -Wl,--as-needed -fuse-ld=gold -fuse-linker-plugin -flto'  --disable-deprecated  --with-jemalloc=no  --with-umem=no  --with-autotrace=no  --with-gslib=no  --with-fontpath=  --with-rsvg=no  --with-perl=no "/>
  <configure name="DOCUMENTATION_PATH" value="/usr/share/doc/ImageMagick-6"/>
  <configure name="EXEC-PREFIX" value="/usr"/>
  <configure name="EXECUTABLE_PATH" value="/usr/bin"/>
  <configure name="FEATURES" value="DPC Cipher"/>
  <configure name="FILTER_PATH" value="/usr/lib/ImageMagick-6.9.5/modules-Q8/filters"/>
  <configure name="GIT_REVISION" value="10979" />
  <configure name="HOST" value="aarch64-libreelec-linux-gnueabi"/>
  <configure name="INCLUDE_PATH" value="/usr/include/ImageMagick-6"/>
  <configure name="LDFLAGS" value="-L/usr/lib -march=armv8-a+crc+crypto -mtune=cortex-a53 -Wl,--as-needed -fuse-ld=gold -fuse-linker-plugin -flto "/>
  <configure name="LIBRARY_PATH" value="/usr/lib/ImageMagick-6.9.5"/>
  <configure name="LIBS" value="    -lfreetype  -ljpeg   -lpng16      -lfontconfig -lfreetype        -lX11   -lbz2     -lxml2  -lz  -lm     "/>
  <configure name="LIB_VERSION_NUMBER" value="6,9,5,5"/>
  <configure name="LIB_VERSION" value="0x695"/>
  <configure name="NAME" value="ImageMagick"/>
  <configure name="PCFLAGS" value="-DMAGICKCORE_HDRI_ENABLE=0 -DMAGICKCORE_QUANTUM_DEPTH=8"/>
  <configure name="PREFIX" value="/usr"/>
  <configure name="QuantumDepth" value="8"/>
  <configure name="RELEASE_DATE" value="2016-09-02"/>
  <configure name="SHAREARCH_PATH" value="/usr/lib/ImageMagick-6.9.5/config-Q8"/>
  <configure name="SHARE_PATH" value="/usr/share/ImageMagick-6"/>
  <configure name="TARGET_CPU" value="aarch64"/>
  <configure name="TARGET_OS" value="linux-gnueabi"/>
  <configure name="TARGET_VENDOR" value="libreelec"/>
  <configure name="VERSION" value="6.9.5"/>
  <configure name="WEBSITE" value="http://www.imagemagick.org"/>
</configuremap>
