<?xml version="1.0" encoding="UTF-8" standalone="yes"?>
<addon id="service.hyperion"
       name="Hyperion"
       version="7.0.103"
       provider-name="libreelec.tv">
  <requires>
    <import addon="os.libreelec.tv" version="7.0"/>
    <import addon="xbmc.python" version="2.1.0"/>

  </requires>
  <extension point="xbmc.service" library="default.py">
    <provides></provides>
  </extension>
  <extension point="xbmc.addon.metadata">
    <summary>Hyperion: an AmbiLight controller</summary>
    <description>
Hyperion(85fcec3) is an modern opensource AmbiLight implementation.
    </description>
    <disclaimer>

    </disclaimer>
    <platform>all</platform>
  </extension>
</addon>
